ep_len_mean,fps,policy_loss,total_timesteps,ep_reward_mean,value_loss,clipfrac,approxkl,time_elapsed,n_updates,serial_timesteps,policy_entropy,explained_variance,true_reward
45.57,7956,-0.006086451,50000,-1.3246973311901094,0.5344744,0.05332599,0.0051425546,0.002226114273071289,1,500,5.67133,-0.37385094165802,-0.058762487
51.45,8360,-0.0056467843,100000,-1.7468284213542937,0.46104538,0.046005998,0.004732869,7.127326965332031,2,1000,5.6515803,-0.09927308559417725,-0.05757374
44.27,8198,-0.00444918,150000,-1.2242432248592376,0.44374675,0.030191999,0.0036532541,13.333823680877686,3,1500,5.6369953,0.08651489019393921,-0.058938902
49.83,8678,-0.0052705454,200000,-1.6641775250434876,0.4308146,0.037758008,0.0041533425,19.956812381744385,4,2000,5.6244826,0.19208800792694092,-0.058491148
51.11,8363,-0.004442164,250000,-1.5504292845726013,0.45386064,0.025410002,0.0032528904,26.286603927612305,5,2500,5.607614,0.2600482702255249,-0.060427707
52.9,8208,-0.005293022,300000,-1.1735814213752747,0.37685874,0.042578,0.004502628,32.83195495605469,6,3000,5.5803742,0.3256884813308716,-0.055733927
57.36,8214,-0.0054816855,350000,-1.5656091475486755,0.38300177,0.042852014,0.004462717,39.53726768493652,7,3500,5.5607786,0.3722408413887024,-0.05391996
71.39,8573,-0.006436601,400000,-1.7881968915462494,0.33599514,0.051924,0.004881212,46.2576789855957,8,4000,5.5537434,0.4292587637901306,-0.049306132
82.71,8335,-0.006214549,450000,-1.6868175208568572,0.36450446,0.053593997,0.0050392025,52.759541749954224,9,4500,5.5353804,0.4489571452140808,-0.045500718
84.37,8231,-0.006703975,500000,-1.51674742102623,0.317208,0.052604012,0.004944192,59.390791177749634,10,5000,5.513277,0.4994261860847473,-0.040299606
87.05,8374,-0.00663495,550000,-1.4255644237995149,0.2686048,0.05070801,0.0048033055,66.07765817642212,11,5500,5.500795,0.48122549057006836,-0.036446664
84.98,8543,-0.0058400393,600000,-1.437590952217579,0.24955033,0.04078399,0.0042159455,72.62450885772705,12,6000,5.492386,0.5674044489860535,-0.035853595
96.62,8469,-0.0057711476,650000,-1.8270844066143035,0.20502758,0.042639993,0.004375504,79.05168843269348,13,6500,5.4766283,0.6512757241725922,-0.03345335
121.93,8352,-0.005365286,700000,-2.438806161880493,0.189225,0.045566007,0.0044901106,85.5052855014801,14,7000,5.4618745,0.7042398452758789,-0.03413294
110.57,8607,-0.0052772556,750000,-2.4800864085555077,0.12279068,0.040975995,0.004204713,91.70387578010559,15,7500,5.4406896,0.8043266087770462,-0.031797234
114.86,8502,-0.0055209035,800000,-1.482254534959793,0.089449294,0.041822,0.004237194,98.03182792663574,16,8000,5.425612,0.8394292443990707,-0.026487872
99.61,8491,-0.005954743,850000,-0.8923089212179184,0.048974667,0.051486004,0.0048190267,104.49908018112183,17,8500,5.417862,0.8919431790709496,-0.022039616
122.86,8183,-0.005583685,900000,-0.6426513122022152,0.04358722,0.043452002,0.0043807225,110.98244190216064,18,9000,5.4010725,0.8965565785765648,-0.01802778
105.1,8767,-0.0054748934,950000,-0.06126952037215233,0.039254647,0.04911001,0.0048380117,117.63069152832031,19,9500,5.3761168,0.9073125496506691,-0.015529881
104.18,8566,-0.0049182605,1000000,0.05868207812309265,0.048994053,0.047812007,0.0046354397,123.79661440849304,20,10000,5.3608947,0.8913018703460693,-0.013471566
130.87,8355,-0.0056012655,1050000,0.2702051985263825,0.034086693,0.048620004,0.004706406,129.93830680847168,21,10500,5.342605,0.9165534749627113,-0.012202882
117.59,8278,-0.004751074,1100000,0.33408434242010115,0.042794533,0.036445998,0.003997126,136.32745671272278,22,11000,5.3153944,0.8995547592639923,-0.010742765
135.14,8671,-0.005900983,1150000,0.34315398544073106,0.043789964,0.052881993,0.0050084973,142.88911318778992,23,11500,5.2863812,0.8977925479412079,-0.009721448
132.35,8272,-0.0054010474,1200000,0.3075644153356552,0.04128591,0.050304003,0.0048843003,149.03647780418396,24,12000,5.2591815,0.8943007960915565,-0.008920068
163.13,8077,-0.0060225185,1250000,0.3349231094121933,0.04359836,0.050940007,0.0048741032,155.59057927131653,25,12500,5.234881,0.8740548640489578,-0.0067415596
182.49,8362,-0.005158194,1300000,0.32844023570418357,0.04829158,0.040886,0.0043927724,162.37120294570923,26,13000,5.203105,0.8616208583116531,-0.0050672875
215.03,8121,-0.005983865,1350000,0.4578921353816986,0.04482823,0.049319986,0.0047669997,168.91344022750854,27,13500,5.176377,0.8477045148611069,-0.003477236
210.48,8285,-0.0049833464,1400000,0.5648905542492867,0.045531325,0.038222,0.0041376324,175.6933572292328,28,14000,5.152721,0.8406215310096741,-0.0019969095
293.54,8471,-0.0059486227,1450000,0.5834886468946934,0.035116702,0.042826008,0.004383317,182.28674507141113,29,14500,5.1294484,0.8422000259160995,-0.0010064924
357.2,8124,-0.005648258,1500000,0.29035037964582444,0.031320073,0.04851801,0.0048420373,188.812171459198,30,15000,5.100292,0.8245788365602493,0.00031626187
376.36,8217,-0.005569878,1550000,0.46067978262901305,0.028073525,0.047599994,0.004638291,195.55709409713745,31,15500,5.069891,0.8398907482624054,0.001404862
402.42,8735,-0.0047194646,1600000,0.9926795572042465,0.018726876,0.037766002,0.004179374,202.27442693710327,32,16000,5.0379286,0.864716187119484,0.0036157793
352.13,8405,-0.0055705295,1650000,1.1900476244091989,0.016827112,0.052098006,0.004937445,208.44830894470215,33,16500,5.006782,0.881141722202301,0.005381294
341.78,8221,-0.004887983,1700000,1.2425294229388237,0.012528121,0.051670004,0.0049205935,214.80486369132996,34,17000,4.9783764,0.9048633649945259,0.0061419434
332.75,8256,-0.005921998,1750000,1.4701818756759166,0.0074813883,0.06522599,0.0057297735,221.45793867111206,35,17500,4.947719,0.9372216686606407,0.007598362
205.12,8437,-0.0050155353,1800000,1.378740072399378,0.0068103294,0.056760002,0.0052536274,228.12669348716736,36,18000,4.908076,0.9536110386252403,0.011687467
186.8,8400,-0.0058105327,1850000,1.3969126172363757,0.005711811,0.057591997,0.0053851022,234.59005570411682,37,18500,4.8649006,0.9636592864990234,0.0141014075
132.44,8222,-0.005500727,1900000,1.2191018243134022,0.0044913096,0.047468014,0.0048300927,241.0376753807068,38,19000,4.8360753,0.9725682232528925,0.016357739
88.47,8354,-0.005116911,1950000,1.2895326481759548,0.0021296258,0.043472,0.00461915,247.58602333068848,39,19500,4.798286,0.9871013648808002,0.019281887
73.89,8452,-0.00550036,2000000,1.3429254000633954,0.0017777154,0.044381995,0.0047107735,254.17494916915894,40,20000,4.7451944,0.9890540689229965,0.022151563
42.53,8233,-0.004709519,2050000,1.0251328932493926,0.000756455,0.041102003,0.004583111,260.52340030670166,41,20500,4.681121,0.9952441402710974,0.025195664
45.28,8307,-0.0041785906,2100000,1.0549818874895573,0.00050282554,0.041696005,0.0046676802,267.26021552085876,42,21000,4.6161036,0.9966039129067212,0.026326738
39.43,8474,-0.00390208,2150000,0.9087223678827285,0.00042189483,0.037428007,0.004366652,273.9022979736328,43,21500,4.546176,0.997127435868606,0.028054858
33.86,8588,-0.003424092,2200000,0.9329309992492199,0.00029320185,0.037673995,0.004309578,280.43866181373596,44,22000,4.478588,0.9979013947304338,0.029512754
30.52,7960,-0.004359858,2250000,0.8643389909714461,0.00026053836,0.044739995,0.004868637,286.86774468421936,45,22500,4.411118,0.9981758373323828,0.031245124
33.85,8128,-0.0034341768,2300000,0.8957043190300464,0.0002191505,0.043755997,0.0047617005,293.76969838142395,46,23000,4.3517838,0.9985515042208135,0.031468272
33.09,8656,-0.0025922474,2350000,0.920496014431119,0.0001946234,0.052177988,0.0050796214,300.5641236305237,47,23500,4.3006115,0.9986521118553355,0.03352079
28.75,8533,-0.003396197,2400000,0.817807086929679,0.00016955433,0.048132006,0.0049615656,306.8420853614807,48,24000,4.2529078,0.9988322185818106,0.034437533
31.1,8391,-0.0037263373,2450000,1.0025403589010238,0.0001573035,0.059599992,0.005599222,313.2650456428528,49,24500,4.201546,0.9988772660726681,0.035863515
24.34,8123,-0.00341995,2500000,0.6918601808696985,0.00014900573,0.061138004,0.0056376713,319.7716934680939,50,25000,4.1576633,0.9989257040433586,0.036864273
21.09,8484,-0.0033153223,2550000,0.5277590118348598,0.00017171008,0.060247995,0.00568085,326.5507962703705,51,25500,4.1050377,0.9987366675632074,0.03743833
20.21,8793,-0.0035799032,2600000,0.5113623480498791,0.00013678866,0.07054999,0.006169196,333.10818457603455,52,26000,4.049673,0.9989776009460911,0.038692355
25.63,8429,-0.0051191472,2650000,0.774644251614809,0.00012732153,0.07258601,0.006303962,339.41212940216064,53,26500,4.0049915,0.9990081802243367,0.03959936
30.94,8366,-0.0037283958,2700000,1.13755156904459,0.00012623987,0.07544799,0.006386297,345.9274468421936,54,27000,3.9605362,0.9990146168274805,0.040587664
30.74,9168,-0.0052829855,2750000,1.1722341913729906,0.000101873855,0.082556,0.0068786843,352.34340834617615,55,27500,3.9123502,0.9991942349588498,0.041321587
17.82,8342,-0.0050938115,2800000,0.6147112377732992,0.000107189684,0.083712004,0.006916561,358.4025447368622,56,28000,3.864589,0.9991418468416668,0.041802544
10.53,8894,-0.004845265,2850000,0.08668593287467957,8.734622e-05,0.07705799,0.006591646,365.0296730995178,57,28500,3.8149095,0.999285597819835,0.04231644
16.58,8650,-0.004608907,2900000,0.25054003834724425,8.2393235e-05,0.07595601,0.0066151815,371.0291066169739,58,29000,3.7602453,0.9993078605039045,0.042796377
22.59,8450,-0.0045960518,2950000,0.5540432256460189,8.868151e-05,0.07995799,0.006714418,377.1475076675415,59,29500,3.710304,0.9992490891600028,0.04339872
29.75,8394,-0.0046007494,3000000,1.0379107208549976,7.472395e-05,0.073637985,0.0063515035,383.50119519233704,60,30000,3.6688578,0.999353262828663,0.044460785
33.48,8722,-0.004057213,3050000,1.3427503214776515,7.280061e-05,0.079097986,0.0066382093,389.9714455604553,61,30500,3.6250803,0.999367099488154,0.045178875
28.24,8535,-0.0042947396,3100000,1.2240921485424041,0.00011499782,0.07537,0.006512568,396.27704405784607,62,31000,3.5734587,0.9989524068078026,0.045834437
9.34,8379,-0.0042030825,3150000,0.2992296233773232,7.1368464e-05,0.06906,0.0060746903,402.7302782535553,63,31500,3.5259702,0.9993761904188432,0.04626235
7.27,8153,-0.0035128752,3200000,0.0023750102519989012,7.202593e-05,0.065423995,0.005940508,409.0903699398041,64,32000,3.4897535,0.9993688714457676,0.046346437
9.47,8049,-0.0034587733,3250000,0.02918916940689087,9.4225e-05,0.06504001,0.005918863,415.74018001556396,65,32500,3.4431674,0.9991743295104243,0.046348047
12.82,8277,-0.0042707073,3300000,0.10229919075965882,6.515517e-05,0.056684002,0.005525208,422.3925905227661,66,33000,3.3932636,0.9994239207589999,0.04660141
15.68,8407,-0.0032316244,3350000,0.199465993642807,6.826528e-05,0.053393997,0.005376813,428.89525842666626,67,33500,3.3450341,0.999389264266938,0.046818573
17.63,8142,-0.0039528026,3400000,0.2799195647239685,6.665227e-05,0.061987992,0.005739252,435.3174057006836,68,34000,3.3022885,0.9994077194132842,0.04700733
20.02,8258,-0.0022075528,3450000,0.4013650321960449,6.7624875e-05,0.051033992,0.005107467,442.0643789768219,69,34500,3.2664173,0.9993904661387205,0.04729197
22.93,8306,-0.0026365675,3500000,0.5757442581653595,6.989434e-05,0.041664,0.004622025,448.41367053985596,70,35000,3.2251203,0.9993589553632773,0.04764541
23.8,8594,-0.0025078314,3550000,0.634910284280777,6.8804104e-05,0.050440002,0.005090151,454.9951243400574,71,35500,3.182394,0.9993762121885084,0.047754776
25.11,8512,-0.0011389795,3600000,0.7273034119606018,6.7108835e-05,0.037939996,0.004351991,461.40067768096924,72,36000,3.1394753,0.9993805094854906,0.047965325
26.14,8533,-0.0014081415,3650000,0.8049587285518647,6.661798e-05,0.041566,0.0044882502,467.7812738418579,73,36500,3.1060345,0.9993906022282317,0.048099548
26.28,8487,-0.00065923226,3700000,0.8145463752746582,6.821549e-05,0.040828,0.0043125497,473.9414641857147,74,37000,3.0858755,0.9993902057176456,0.048098873
26.19,8408,-0.0010430518,3750000,0.8077535676956177,6.271882e-05,0.03723,0.0042418023,480.59014320373535,75,37500,3.0675962,0.9994237639475614,0.04811052
27.07,8525,-0.0014062073,3800000,0.8757010841369629,6.604476e-05,0.04069199,0.00452999,487.25749158859253,76,38000,3.0358012,0.9993978796410374,0.048243813
28.63,8611,-0.0018602397,3850000,1.0028375577926636,5.9883805e-05,0.057370014,0.005438283,493.5707654953003,77,38500,2.999718,0.9994399187271483,0.048517264
30.01,8671,-0.004312242,3900000,1.1197990131378175,6.314976e-05,0.064665996,0.0059183394,499.97083616256714,78,39000,2.9568,0.9994165326352231,0.048799608
31.38,8693,-0.005920712,3950000,1.242775701880455,5.7754594e-05,0.08424,0.0069331722,506.29438853263855,79,39500,2.9096115,0.9994517184677534,0.04908856
32.66,8406,-0.003049351,4000000,1.366220876723528,6.3224026e-05,0.05513798,0.005399692,512.4231686592102,80,40000,2.860974,0.9994203358655795,0.04950229
33.47,8310,-0.0008916109,4050000,1.4813785055279731,7.6685974e-05,0.05302201,0.005158686,518.9509906768799,81,40500,2.819276,0.9992820566985756,0.049858104
33.88,8116,-0.000985564,4100000,1.4876398633420467,7.197861e-05,0.03751,0.0043434575,525.5733959674835,82,41000,2.7797713,0.9993248335085809,0.049808957
34.43,8343,-0.0009511461,4150000,1.540550710260868,8.03562e-05,0.041406006,0.004477348,532.3880214691162,83,41500,2.7415543,0.9992461067158729,0.049929332
34.09,8212,-0.0008607225,4200000,1.5088016618788243,0.00010160427,0.033521995,0.003941014,538.6670458316803,84,42000,2.709231,0.9992649523192085,0.049883373
34.7,8391,-0.0017006327,4250000,1.5721684801578522,8.6247914e-05,0.044473995,0.0045295344,545.3294985294342,85,42500,2.6914396,0.9991986097302288,0.0500122
33.78,8222,-0.00045580286,4300000,1.4966195085644722,7.5610915e-05,0.032510005,0.003879352,551.9034888744354,86,43000,2.6684766,0.9993070329655893,0.049876034
34.42,8307,-0.0014583286,4350000,1.5424714566022157,0.00013942971,0.043213997,0.0046081077,558.5258691310883,87,43500,2.6351714,0.9992638344992884,0.049958386
33.57,8259,-0.00095894665,4400000,1.4592660322785378,0.00013156683,0.03756,0.0043139593,565.2078120708466,88,44000,2.5951035,0.9991466048522852,0.049829982
34.27,8280,-0.0010063745,4450000,1.527792198508978,7.737158e-05,0.047033995,0.0047970745,571.8791937828064,89,44500,2.554781,0.9992850315175019,0.049938455
33.19,8612,-0.0016036682,4500000,1.424139287173748,5.7331537e-05,0.042904004,0.0045989924,578.5386824607849,90,45000,2.5128806,0.999459404440131,0.049762223
34.19,8393,-0.00084625324,4550000,1.520534337311983,7.481242e-05,0.043656006,0.004608571,585.0118577480316,91,45500,2.4756765,0.9992954599438235,0.049930025
33.65,8306,-0.00045170728,4600000,1.4858244444429873,7.259609e-05,0.040599994,0.004401051,591.574197769165,92,46000,2.4517434,0.9993251481791958,0.04991953
34.21,8343,-0.0018237898,4650000,1.5409257109463215,8.0360565e-05,0.06307799,0.0055721616,598.146096944809,93,46500,2.4277472,0.9992450377903879,0.050023828
33.47,8446,-0.0006412594,4700000,1.4500833087414504,6.2941304e-05,0.053296007,0.0052042054,604.5857791900635,94,47000,2.3980944,0.9994202093221247,0.04983695
33.94,8537,-0.000882646,4750000,1.4957312343269586,7.098412e-05,0.038256,0.004346397,611.2092740535736,95,47500,2.3582423,0.9993377930368297,0.049934413
33.02,7981,-0.001824466,4800000,1.4044952985644341,5.3667984e-05,0.052800003,0.0051655876,617.711110830307,96,48000,2.3147957,0.9995162952982355,0.049774285
33.45,8224,-0.000849814,4850000,1.4500449009239673,6.504348e-05,0.052442007,0.005092218,624.5590283870697,97,48500,2.2739167,0.9994200994260609,0.04987614
33.53,8471,-0.00069989025,4900000,1.4578165909647942,6.273054e-05,0.056108013,0.0051609487,631.1544473171234,98,49000,2.2415912,0.9994211701559834,0.04988929
33.78,8248,-0.00015081462,4950000,1.4821670639514923,6.759372e-05,0.049569987,0.0048933816,637.5794341564178,99,49500,2.216556,0.9993845201679505,0.049969673
33.85,8573,-0.0011252082,5000000,1.4874980641901494,6.746071e-05,0.051264,0.0049238964,644.3414998054504,100,50000,2.1903734,0.9993771971203387,0.049947143
33.41,8550,-0.0003290806,5050000,1.4477832531929016,6.1109844e-05,0.052136,0.004975034,650.605354309082,101,50500,2.1572547,0.9994545070221648,0.049912598
33.54,8398,-0.0009384968,5100000,1.460310013592243,6.221242e-05,0.045208007,0.004655728,657.123321056366,102,51000,2.121948,0.9994298035162501,0.049944203
33.77,8733,-0.000267557,5150000,1.4828154699504374,7.267781e-05,0.04733801,0.0046737534,663.6550464630127,103,51500,2.093155,0.9993734168238007,0.04997498
33.76,8338,-0.0008811445,5200000,1.4831627763807773,6.646559e-05,0.053686004,0.0051683425,669.7240340709686,104,52000,2.0612698,0.9993539027636871,0.049984135
33.31,8408,-0.0004708796,5250000,1.4375873321294785,6.3783606e-05,0.053201996,0.0050649517,676.2580094337463,105,52500,2.038444,0.9994369005435146,0.049930464
33.39,8328,-4.6140016e-05,5300000,1.4454881340265273,5.7807025e-05,0.04759399,0.0047985646,682.76251745224,106,53000,2.0103405,0.9994692956679501,0.049919497
33.16,8573,-0.00054687157,5350000,1.4247641825675965,5.35268e-05,0.06198399,0.005575902,689.3364064693451,107,53500,1.962435,0.9995153935160488,0.049907573
33.44,8176,-0.00078434503,5400000,1.453642608821392,5.9683913e-05,0.043408,0.004558102,695.78435754776,108,54000,1.9222635,0.9994570576236583,0.049971387
33.13,8168,-0.00057671615,5450000,1.4214872431755066,5.370312e-05,0.055526007,0.0052019563,702.4782218933105,109,54500,1.8821796,0.9995148317539133,0.049913954
33.91,8645,-0.0011477466,5500000,1.4968380662798881,6.915329e-05,0.06741,0.0058927448,709.2029089927673,110,55000,1.8511815,0.9993612969992682,0.050038155
32.63,8662,-0.0021255293,5550000,1.3728505769371986,5.171102e-05,0.076290004,0.0065220078,715.5904459953308,111,55500,1.8143364,0.9996228671225253,0.049820166
33.16,8525,-8.350552e-05,5600000,1.4256168130040168,0.00016767054,0.040145997,0.0042731245,721.9243161678314,112,56000,1.7803632,0.9991184069076553,0.04993292
33.55,8282,-0.0004989089,5650000,1.4638972359895706,6.5477594e-05,0.053898,0.005133854,728.3759038448334,113,56500,1.7522774,0.999375288549345,0.05001493
33.12,8250,0.00010150633,5700000,1.4222812511026859,5.2190142e-05,0.061451994,0.0055031376,735.0457971096039,114,57000,1.7183663,0.9995254951063544,0.04996375
32.72,8013,-0.0018881923,5750000,1.3828262451291085,4.1396725e-05,0.056325994,0.0052851927,741.6880419254303,115,57500,1.6820225,0.9996257943566889,0.04988911
32.92,8096,-0.00042181957,5800000,1.4024554547667503,4.6137135e-05,0.060818005,0.005486697,748.5798952579498,116,58000,1.6376439,0.9995820017938968,0.049932983
32.84,8339,-0.00058008067,5850000,1.395314026772976,4.2836255e-05,0.055182002,0.0051386883,755.3179535865784,117,58500,1.6052191,0.9996051806665491,0.049942225
33.67,8354,-0.00039051764,5900000,1.4750701941549778,6.52825e-05,0.061518025,0.005425153,761.9868490695953,118,59000,1.5839697,0.9993823306867853,0.05004609
32.9,8384,-0.00087861397,5950000,1.4020836302638053,4.4474065e-05,0.054672003,0.0052631493,768.2159326076508,119,59500,1.5518471,0.9995993937773164,0.049915835
33.5,8728,-0.00086061953,6000000,1.4600464962422848,6.257705e-05,0.057902016,0.0053310823,774.6766829490662,120,60000,1.5174043,0.9994399547576904,0.05002481
33.35,8458,-0.0003710571,6050000,1.4449731811881066,5.610845e-05,0.057793997,0.005251918,780.9905049800873,121,60500,1.4997478,0.9994785914896056,0.05001782
32.61,8605,-0.0018545904,6100000,1.3751143833994866,3.840453e-05,0.07979001,0.0066747963,787.3982253074646,122,61000,1.4675529,0.9996659662865568,0.04989548
33.09,8712,-0.0005579956,6150000,1.4224446707963943,5.2537434e-05,0.058833994,0.0054181926,793.7383241653442,123,61500,1.4261539,0.9995459745405242,0.050014008
32.97,8195,-0.00033882397,6200000,1.4098357298970223,4.7412166e-05,0.056043994,0.005351633,800.0205438137054,124,62000,1.3894436,0.9995826410013251,0.050008737
33.03,8569,-0.000502743,6250000,1.4161805173754691,7.7404104e-05,0.05569199,0.0051796692,806.7042214870453,125,62500,1.3587645,0.9995667143957689,0.05000502
33.07,8459,-0.00041884746,6300000,1.420675292313099,5.0267554e-05,0.069102,0.005944792,812.7560329437256,126,63000,1.3395321,0.9995412527350709,0.05001042
32.7,8522,0.00017369364,6350000,1.3853445529937745,3.841831e-05,0.059982006,0.005575665,819.1581444740295,127,63500,1.3016964,0.9996574582473841,0.049981806
32.96,8350,-0.00071620924,6400000,1.427663414478302,5.9608483e-05,0.066263996,0.00576292,825.6600952148438,128,64000,1.2694623,0.9994567850371823,0.05008153
33.12,8544,-0.0002386333,6450000,1.4248082667589188,5.2638447e-05,0.06855799,0.0059828847,832.2101619243622,129,64500,1.2440218,0.9995269462233409,0.050041113
33.4,7976,-0.0009003322,6500000,1.4517943808436393,5.981369e-05,0.08321599,0.0066505983,838.6357054710388,130,65000,1.2254825,0.9994510653195903,0.050103102
32.71,8274,0.0001458413,6550000,1.385584907233715,3.845092e-05,0.069377996,0.0059420983,845.5192515850067,131,65500,1.2105212,0.9996503082511481,0.04999818
33.13,8449,-0.00017891897,6600000,1.4257907390594482,7.819334e-05,0.07483201,0.0062390016,851.9770650863647,132,66000,1.1861895,0.9995277242851444,0.050061364
32.88,8162,5.461697e-05,6650000,1.4020710092782975,6.821561e-05,0.056633994,0.0053341757,858.4932680130005,133,66500,1.1556782,0.9995192717178725,0.050033785
32.63,8692,-0.00027685563,6700000,1.3790239959955215,3.5074758e-05,0.08514001,0.006880852,865.1292345523834,134,67000,1.1220345,0.999679102213122,0.049992975
33.32,8355,-0.00089562155,6750000,1.4451838199794294,5.7371584e-05,0.079962,0.0065105627,871.1298980712891,135,67500,1.097424,0.9994767477037385,0.0500954
32.92,8137,1.6075424e-05,6800000,1.4059983390569686,4.3820837e-05,0.08704803,0.006952742,877.4354906082153,136,68000,1.0694793,0.9996021062834188,0.050025772
32.94,8205,-7.4918404e-05,6850000,1.4094062575697899,4.5155597e-05,0.06746402,0.0058236783,884.1910705566406,137,68500,1.035997,0.9995831707201432,0.05007946
33.22,8383,-0.0010231636,6900000,1.4372907552123069,5.5564265e-05,0.07928,0.0063994383,890.8707821369171,138,69000,1.0241464,0.9994912788388319,0.050116286
32.76,8071,0.00060792675,6950000,1.3921416625380516,4.022538e-05,0.06524201,0.0057826145,897.3274850845337,139,69500,1.0013382,0.9996442793344613,0.050028443
32.62,7914,-0.0007609921,7000000,1.3783479404449464,3.8059872e-05,0.06820599,0.0060039596,904.2150325775146,140,70000,0.96028113,0.9996737198380288,0.050007526
32.78,8272,-0.0007179161,7050000,1.3933601608872415,4.1042847e-05,0.06710599,0.005849398,910.984263420105,141,70500,0.9206679,0.9996442246774677,0.05005508
32.51,8177,-0.0005261848,7100000,1.3675603052973748,3.5163786e-05,0.073660016,0.006409601,917.3358354568481,142,71000,0.8800323,0.9996884205611423,0.04999729
32.82,8091,0.0010152888,7150000,1.3982215464115142,4.1971278e-05,0.09924798,0.007890307,923.7810318470001,143,71500,0.8532551,0.9996248612878844,0.05005882
32.85,7988,-0.00081181945,7200000,1.4031462940573691,4.2024345e-05,0.07001601,0.006041371,930.4420251846313,144,72000,0.82459676,0.999615302978782,0.050073925
32.9,7974,-0.00030564694,7250000,1.406261346936226,4.4537574e-05,0.06763598,0.005948527,937.3078768253326,145,72500,0.7889326,0.9995977103244513,0.05007719
32.21,8112,-0.00311159,7300000,1.3404095321893692,1.9862864e-05,0.08908601,0.007154742,944.0365104675293,146,73000,0.75540984,0.9998322658066172,0.04997593
32.83,8734,-0.00041338257,7350000,1.4000557896494865,4.3861502e-05,0.062243994,0.0055917,950.8038854598999,147,73500,0.7132141,0.9996131274383515,0.050096873
32.49,8108,0.00088401296,7400000,1.3670711940526963,2.8620607e-05,0.09003203,0.007416913,957.007937669754,148,74000,0.68257,0.9997390412027016,0.050036315
32.98,8301,5.8791862e-05,7450000,1.413038427233696,4.7807116e-05,0.070622,0.0059864963,963.89728474617,149,74500,0.66373044,0.9995608201716095,0.05012881
32.28,8109,-0.00018970676,7500000,1.346920248568058,2.015895e-05,0.093991995,0.007580542,970.3367986679077,150,75000,0.6422398,0.9998193118954077,0.05003008
32.96,8479,-0.00063598156,7550000,1.412716772556305,5.5809152e-05,0.07910801,0.0064924443,977.1030144691467,151,75500,0.6216681,0.9995652888610493,0.050142568
32.57,8290,0.001332942,7600000,1.3745064920186996,3.5995763e-05,0.093717985,0.0073093725,983.5350856781006,152,76000,0.6074661,0.9997118706523906,0.050073184
33.24,8322,-0.0010633161,7650000,1.4393872009962798,5.6741206e-05,0.108304,0.008391062,990.1459980010986,153,76500,0.59276575,0.9994795879465528,0.05016005
32.53,8505,0.000912876,7700000,1.371482491493225,3.592077e-05,0.09386402,0.007555596,996.8216555118561,154,77000,0.57520646,0.9997280646348372,0.05008494
32.52,8233,0.0014506758,7750000,1.3697590041160583,2.981917e-05,0.079326004,0.0068110437,1003.2405545711517,155,77500,0.54549927,0.9997263193072286,0.050073583
33.21,8161,-0.0017589321,7800000,1.4358170613646508,5.865417e-05,0.08074998,0.006572753,1009.8086585998535,156,78000,0.5321007,0.9994671210297383,0.050180268
32.33,8517,-0.0010407091,7850000,1.353061718046665,0.0001899145,0.078064,0.0066700988,1016.4057855606079,157,78500,0.49692762,0.9998005122179165,0.050057594
32.72,8513,0.00018004836,7900000,1.3898068994283677,0.00034212682,0.06290399,0.0056398944,1022.759131193161,158,79000,0.445981,0.9995805163343903,0.050145604
32.42,8188,0.00069517083,7950000,1.3614532670378685,2.788393e-05,0.090312034,0.0071472423,1028.986831665039,159,79500,0.42131343,0.9997157147736289,0.050080307
32.95,8511,7.773239e-05,8000000,1.4122364541888237,4.730836e-05,0.10292802,0.007902764,1035.6779549121857,160,80000,0.40560246,0.9995645994204096,0.050172247
32.49,8238,0.0009305277,8050000,1.3684549677371978,2.8224886e-05,0.08998397,0.0071966248,1042.1182346343994,161,80500,0.37842217,0.9997410246287473,0.050107237
32.88,8396,-0.0009046495,8100000,1.4060393460094929,4.4893877e-05,0.10096397,0.007792978,1048.7224609851837,162,81000,0.35280883,0.9995899827335961,0.050181083
32.37,8457,-0.0002406429,8150000,1.3564334425330162,2.382531e-05,0.07993,0.006571136,1055.2008769512177,163,81500,0.32037997,0.9997818578995066,0.050094303
33.01,8445,-0.00010701373,8200000,1.417475494146347,5.0982973e-05,0.09251996,0.007269499,1061.7586472034454,164,82000,0.30481267,0.999533518392127,0.050188463
32.42,8033,0.00016709854,8250000,1.3619140121340751,2.5298164e-05,0.07288002,0.0062165125,1068.3146090507507,165,82500,0.2834385,0.9997683452238562,0.05009226
32.34,8186,0.0002367926,8300000,1.3539643201231957,2.1826798e-05,0.089398004,0.0071490128,1075.2775745391846,166,83000,0.23817231,0.999800674529979,0.05011524
32.47,8070,0.00076783577,8350000,1.366957950592041,2.7397247e-05,0.09209602,0.007298105,1081.9000282287598,167,83500,0.20677797,0.9997493898845278,0.0501458
32.33,8169,0.0004401224,8400000,1.3540521359443665,2.1109077e-05,0.09507802,0.0076236124,1088.6474816799164,168,84000,0.16847059,0.9998072352318559,0.05010551
32.47,8387,-0.00015390055,8450000,1.3663166081905365,2.6945383e-05,0.06577801,0.005860833,1095.3856716156006,169,84500,0.12301545,0.9997539429459721,0.050138783
32.41,8198,0.0022042636,8500000,1.360973486304283,2.4580555e-05,0.10776799,0.008621836,1101.9208822250366,170,85000,0.08780821,0.9997756315860897,0.050153553
32.9,8441,-0.0009417122,8550000,1.4083503752946853,4.687616e-05,0.10620799,0.008242901,1108.6004588603973,171,85500,0.0681895,0.9995710576185957,0.05022065
32.35,8157,0.0014153756,8600000,1.3553870636224747,2.2402704e-05,0.12253397,0.009183849,1115.171071767807,172,86000,0.04046701,0.9997978516767034,0.050142255
32.29,7983,-0.0003385028,8650000,1.351039055287838,1.9514471e-05,0.080804005,0.0067234444,1122.0088896751404,173,86500,-0.00038398625,0.9998227204050636,0.050154697
32.62,8388,0.00013075286,8700000,1.3819268891215324,3.4252844e-05,0.09121599,0.007256535,1128.7916626930237,174,87000,-0.035573643,0.9996873862692155,0.050195713
32.21,8198,-0.000868923,8750000,1.3427651926875115,1.5458289e-05,0.09058202,0.0072037093,1135.393755197525,175,87500,-0.06799561,0.9998598892416339,0.05012111
32.41,7838,0.00044266216,8800000,1.3624004271626473,2.4654157e-05,0.09506402,0.007585798,1142.1317250728607,176,88000,-0.10768333,0.9997758503159275,0.050177433
32.28,8168,0.00031489364,8850000,1.3501435983181,1.8758235e-05,0.084464,0.0068889153,1148.9748651981354,177,88500,-0.13987315,0.9998295591503847,0.050174672
32.67,8181,0.0014620345,8900000,1.3874819257855415,3.693881e-05,0.11313398,0.008830512,1155.7080550193787,178,89000,-0.16114023,0.9996632234833669,0.05022602
32.8,8073,9.519123e-06,8950000,1.399109600186348,4.348323e-05,0.091936,0.0072140084,1162.211659193039,179,89500,-0.17881455,0.9996060275589116,0.050217573
32.32,8288,0.00064188836,9000000,1.3535190743207932,2.1595339e-05,0.0964,0.007645251,1169.0578382015228,180,90000,-0.20481116,0.999808527645655,0.0501726
32.18,8166,0.00014187014,9050000,1.341140086054802,1.4101179e-05,0.09063801,0.0072354353,1175.6180338859558,181,90500,-0.24519137,0.9998707981867483,0.050160293
32.61,7972,0.00058005657,9100000,1.3815523013472557,3.4230092e-05,0.09461799,0.0073934793,1182.3155193328857,182,91000,-0.2691924,0.9996877586236224,0.050198577
32.49,8033,0.00047931884,9150000,1.3707541501522065,2.8839153e-05,0.084646024,0.0068205292,1189.0995371341705,183,91500,-0.28132668,0.9997399748244788,0.05018941
32.55,8340,0.00068148685,9200000,1.3762143683433532,3.1993175e-05,0.09594603,0.0076496955,1195.9315671920776,184,92000,-0.30644292,0.9997089102980681,0.050210323
32.66,8197,8.556766e-06,9250000,1.387520991563797,3.663672e-05,0.10366999,0.0078067495,1202.5179529190063,185,92500,-0.32425755,0.999667445285013,0.050223254
32.3,8093,0.0014732175,9300000,1.3526015824079514,1.9060073e-05,0.111871965,0.008524291,1209.129893064499,186,93000,-0.33982697,0.9998281260195654,0.05016081
32.51,8114,0.00019772106,9350000,1.3726772633194924,3.0363466e-05,0.11415401,0.008636061,1215.994239807129,187,93500,-0.3728104,0.9997335259686224,0.050204672
32.49,8196,0.0013641522,9400000,1.3710630306601523,0.00011185855,0.120875984,0.009116157,1222.9563739299774,188,94000,-0.39710546,0.999740107828984,0.050216265
32.36,7997,0.00141172,9450000,1.3574645784497261,2.6136448e-05,0.085972,0.0069621243,1229.7906155586243,189,94500,-0.42610213,0.9997101004119031,0.050177477
32.3,8186,0.00060273823,9500000,1.3523780488967896,2.0862197e-05,0.10354202,0.007957099,1236.7580106258392,190,95000,-0.4568932,0.9998167262383504,0.05017701
32.39,8144,0.0008639295,9550000,1.3606371730566025,2.5710946e-05,0.11140802,0.00842597,1243.3598926067352,191,95500,-0.48979238,0.9997817399125779,0.050188627
32.11,8263,-0.0023069,9600000,1.3344522833824157,9.558763e-06,0.09915199,0.007827283,1250.036747455597,192,96000,-0.5419186,0.9999132438751985,0.050135106
32.2,8101,-0.00027408937,9650000,1.3438122713565825,1.4209692e-05,0.11178002,0.008504929,1256.6846361160278,193,96500,-0.593302,0.9998712862288812,0.05017789
32.22,8526,0.00030686308,9700000,1.3458345219492913,1.5373496e-05,0.11241399,0.0086289365,1263.2181932926178,194,97000,-0.6284189,0.9998629795736633,0.050200645
32.3,8338,0.0011449731,9750000,1.3533305019140243,2.0014117e-05,0.12833999,0.009561704,1269.6914329528809,195,97500,-0.65862375,0.9998218511755113,0.050219424
32.56,8389,0.00021748326,9800000,1.377577132433653,3.2395477e-05,0.108122,0.00821942,1276.2791721820831,196,98000,-0.6762116,0.9997056705178693,0.05024378
32.5,8018,0.0008864269,9850000,1.372354657948017,2.9421219e-05,0.11219198,0.008716989,1282.9079325199127,197,98500,-0.6953724,0.9997332582715899,0.05024623
32.14,7955,0.00029177277,9900000,1.3376024970412255,1.09574285e-05,0.12728801,0.009778935,1289.6904895305634,198,99000,-0.7340902,0.9999001070755185,0.050176576
32.59,8055,0.0021438554,9950000,1.3793618243932724,3.4844576e-05,0.141474,0.011066857,1296.5138945579529,199,99500,-0.75676227,0.999688271258492,0.05025543
32.46,8047,0.0007230419,10000000,1.3673830777406693,2.7892629e-05,0.107776016,0.008238946,1303.2355711460114,200,100000,-0.7676116,0.9997504240600392,0.050250415
32.48,8416,0.0015701975,10050000,1.3693183094263077,2.8911827e-05,0.15232797,0.011615557,1310.0301792621613,201,100500,-0.7857061,0.9997408851631917,0.05025649
32.86,8212,-0.0014052605,10100000,1.4058428686857223,4.900935e-05,0.118783996,0.009005649,1316.6167993545532,202,101000,-0.7964018,0.9995583491108846,0.05030054
32.38,8297,0.00068603136,10150000,1.3596489322185517,2.454232e-05,0.11939804,0.00887286,1323.1829316616058,203,101500,-0.79850924,0.999770816983073,0.050244022
32.17,8479,0.0025081951,10200000,1.340337438583374,1.2681039e-05,0.129312,0.010025655,1329.666512966156,204,102000,-0.82000816,0.9998851141499472,0.050219096
32.43,8031,0.001403789,10250000,1.3648012241721152,4.5340246e-05,0.118890025,0.009224307,1336.1197447776794,205,102500,-0.8550099,0.999760219376185,0.050261915
32.32,8171,0.0017652927,10300000,1.3546715888381005,2.1393227e-05,0.110112,0.008362027,1342.9897248744965,206,103000,-0.87918466,0.999804406077601,0.05024935
32.34,8445,0.0022002116,10350000,1.3567571103572846,2.1758162e-05,0.148876,0.010990931,1349.6540536880493,207,103500,-0.8934814,0.9998040094797034,0.050253104
32.19,8018,0.0009863931,10400000,1.3423510310053826,1.3882785e-05,0.12206802,0.009138072,1356.1425018310547,208,104000,-0.916351,0.999879795454035,0.050228253
32.4,8219,0.0013541274,10450000,1.3612649726867676,4.0835163e-05,0.12725797,0.009626832,1363.1077053546906,209,104500,-0.95255005,0.9997777735989075,0.05024897
32.1,8134,-0.00077660265,10500000,1.3332670798897743,1.1480655e-05,0.11404001,0.0086833155,1369.9456279277802,210,105000,-0.9884194,0.9999120252978173,0.050198395
32.21,7999,0.0014746744,10550000,1.3428743636608125,1.585281e-05,0.118224,0.009126723,1376.6266713142395,211,105500,-1.0237334,0.9998634480289184,0.05021724
32.46,8464,0.0017112708,10600000,1.3669008338451385,2.812718e-05,0.15458798,0.012363548,1383.2560594081879,212,106000,-1.05901,0.9997445407498162,0.05028189
32.15,8126,0.0013323206,10650000,1.3382550460100173,1.1146326e-05,0.12031399,0.009120474,1389.8568913936615,213,106500,-1.0860202,0.9998991428437876,0.050225805
32.12,8088,0.00016567153,10700000,1.335399856865406,1.0229684e-05,0.13357,0.010359361,1396.5464894771576,214,107000,-1.1177329,0.9999118623891263,0.05022008
32.89,8336,-0.0012787496,10750000,1.4081153658032417,5.1850384e-05,0.139726,0.010987964,1403.264850616455,215,107500,-1.1248546,0.9995237033290323,0.05033071
32.4,8160,0.0019814651,10800000,1.3620741567015648,2.5710724e-05,0.13551997,0.01025657,1409.6701157093048,216,108000,-1.1218724,0.9997716211219085,0.05028979
32.65,8159,-0.00013620046,10850000,1.3850281876325607,3.9377548e-05,0.143492,0.010404509,1416.1103899478912,217,108500,-1.1199684,0.9996374050388113,0.050315462
32.19,8400,0.0021399497,10900000,1.342626742720604,1.3848687e-05,0.152662,0.011396315,1422.6241919994354,218,109000,-1.1256874,0.9998762753530173,0.050265927
32.11,8177,0.00042981713,10950000,1.334013627767563,9.3023355e-06,0.13688996,0.010039364,1429.0250205993652,219,109500,-1.1484487,0.9999187460562098,0.050241046
32.06,8101,-0.0012539763,11000000,1.3287251800298692,6.4460883e-06,0.120096,0.009102651,1435.7902603149414,220,110000,-1.1792125,0.999940543439152,0.050201923
32.03,8076,-0.0033101502,11050000,1.326760288476944,6.2437057e-06,0.12515397,0.009421239,1442.4610459804535,221,110500,-1.2168156,0.9999586773083138,0.050220262
32.19,8163,0.0012623098,11100000,1.3422717797756194,7.637979e-05,0.119237974,0.008979136,1449.316110610962,222,111000,-1.2631981,0.9998740279261256,0.050290056
32.47,7999,0.0009463761,11150000,1.3683665269613265,2.9622313e-05,0.134476,0.009870096,1455.9280865192413,223,111500,-1.2760195,0.9997329596662894,0.050322134
32.15,8054,0.0024675305,11200000,1.3378574338555336,1.1410911e-05,0.136174,0.010334611,1462.777506828308,224,112000,-1.2899752,0.999896368230111,0.05025222
32.07,8310,-0.0007704185,11250000,1.3302896600961684,6.788143e-06,0.12085001,0.009224799,1469.6876311302185,225,112500,-1.3266995,0.9999405245216622,0.05022794
32.07,8425,-0.0015878562,11300000,1.3304949408769609,2.2734226e-05,0.12556602,0.009373753,1476.18110704422,226,113000,-1.3640752,0.9999390288830909,0.050264977
32.19,8089,0.0015926692,11350000,1.3419845527410508,1.4268971e-05,0.13602802,0.010231647,1482.5757784843445,227,113500,-1.400142,0.9998737954592798,0.050313246
32.3,8352,0.0018363893,11400000,1.3533586385846137,2.0323503e-05,0.13680601,0.009990203,1489.2351524829865,228,114000,-1.424063,0.9998175985820126,0.05032533
32.22,8229,0.0031088844,11450000,1.345767098069191,1.6155498e-05,0.15222003,0.011697321,1495.5682964324951,229,114500,-1.4496565,0.9998587867012247,0.05031544
32.12,8129,0.0014216282,11500000,1.3353918957710267,9.41825e-06,0.144808,0.0112377405,1502.3072021007538,230,115000,-1.4888904,0.9999142848973861,0.0502789
32.31,8160,0.0012878764,11550000,1.3538940289616586,2.0751137e-05,0.12936595,0.009674505,1508.9054143428802,231,115500,-1.5224099,0.9998147743317531,0.050320182
32.23,8250,0.003766827,11600000,1.3466842380166053,1.5959278e-05,0.16908795,0.012692409,1515.7192194461823,232,116000,-1.5453405,0.9998567981674569,0.050312705
32.11,7975,0.0024630872,11650000,1.334810582101345,8.824636e-06,0.15240997,0.011553182,1522.367297410965,233,116500,-1.5724181,0.999919566216704,0.050289422
32.17,8286,0.0023335968,11700000,1.3413396102190018,1.6865622e-05,0.134744,0.010258952,1529.3429880142212,234,117000,-1.6073768,0.9998898996782373,0.050296422
32.19,8097,0.0029829699,11750000,1.3436237379908562,1.3824082e-05,0.16504402,0.012414089,1535.7124154567719,235,117500,-1.6374598,0.9998794004714,0.050304346
32.38,7762,0.0012111834,11800000,1.360997115969658,2.4281335e-05,0.16383003,0.012264035,1542.4378123283386,236,118000,-1.6494778,0.9997793424263364,0.05032973
32.36,8218,0.0028711886,11850000,1.3591763600707054,2.355482e-05,0.15496999,0.0120300315,1549.1317875385284,237,118500,-1.6537616,0.9997886931087123,0.05032871
32.19,8250,0.00393415,11900000,1.3434263956546784,1.3358434e-05,0.16036199,0.012202361,1555.6872391700745,238,119000,-1.669534,0.9998783774281037,0.050307002
32.15,8095,0.0028998833,11950000,1.3390992200374603,1.0934836e-05,0.14886,0.011131668,1562.2597851753235,239,119500,-1.6987634,0.9999009581879363,0.05029929
32.04,8055,-0.00094735605,12000000,1.32908744931221,4.5095226e-06,0.16120796,0.012050138,1569.227022409439,240,120000,-1.7364578,0.9999588787031826,0.05026957
32.17,7833,0.0026180518,12050000,1.3417140182852745,1.2092485e-05,0.15246001,0.011588253,1575.9462280273438,241,120500,-1.773796,0.999890120474447,0.050318927
32.24,8030,0.001603493,12100000,1.348361430168152,0.00010329238,0.141812,0.010859091,1582.9912419319153,242,121000,-1.8040851,0.999853286150028,0.050333563
32.23,8476,0.0018404627,12150000,1.3476979738473893,1.6422315e-05,0.144462,0.010524605,1589.7600774765015,243,121500,-1.8253092,0.9998549222218571,0.050336886
32.34,8296,0.0020205677,12200000,1.3573671236634255,2.170878e-05,0.17474203,0.012679913,1596.0016055107117,244,122000,-1.8483799,0.9998032211879035,0.050316054
32.06,8889,0.0007984263,12250000,1.3312391781806945,5.474094e-06,0.13302201,0.010127429,1602.5849256515503,245,122500,-1.8802098,0.9999512197282456,0.050281744
32.05,8662,0.00016641828,12300000,1.3309736716747285,4.8999395e-06,0.14013398,0.010451531,1608.6858494281769,246,123000,-1.9189337,0.9999556975235464,0.050299425
32.21,8265,0.0028868602,12350000,1.346316137611866,1.4376782e-05,0.16489801,0.012628043,1615.0571162700653,247,123500,-1.9546453,0.9998707183840452,0.05032565
32.51,8199,0.0011129141,12400000,1.3746527805924416,3.19066e-05,0.19027397,0.014785097,1621.7499740123749,248,124000,-1.9718558,0.9997101489279885,0.050359264
32.43,8586,0.0012813115,12450000,1.367475787997246,2.7431319e-05,0.17592391,0.013313174,1628.4989955425262,249,124500,-1.9808804,0.9997514210117515,0.050356805
32.19,8216,0.0033647642,12500000,1.3448409202694893,1.4486761e-05,0.17988397,0.01381757,1634.8709490299225,250,125000,-1.9985569,0.9998813313577557,0.050327174
32.44,8105,0.0012060677,12550000,1.3684061646461487,2.8331897e-05,0.18435003,0.014720457,1641.4286212921143,251,125500,-2.0091803,0.9997386892791837,0.050361235
32.04,8477,8.552558e-05,12600000,1.3309227561950683,4.2474726e-06,0.14413801,0.011263286,1647.9279367923737,252,126000,-2.0340762,0.9999609759397572,0.050308462
32.43,8463,0.002611459,12650000,1.3681463342905045,2.8710087e-05,0.18094999,0.0142312385,1654.322452545166,253,126500,-2.0595057,0.9997521383920684,0.05036516
32.08,8385,0.0051154834,12700000,1.3347231429815292,8.1477565e-06,0.142198,0.011306656,1660.677562236786,254,127000,-2.0715575,0.9999258990137605,0.050318673
32.59,8676,0.000710902,12750000,1.3831642332673073,3.6988782e-05,0.18195795,0.013774258,1667.260825395584,255,127500,-2.0822358,0.9996657608135138,0.050374545
32.46,9034,0.0014816422,12800000,1.3710270366072654,2.994537e-05,0.18239002,0.014018409,1673.5135791301727,256,128000,-2.0758753,0.9997200709476601,0.050370883
32.37,8499,0.003558844,12850000,1.3620495975017548,2.3946526e-05,0.22520404,0.017434264,1679.6052868366241,257,128500,-2.0669396,0.9997827847400913,0.05036683
32.61,8813,0.0006371914,12900000,1.3850183847546578,3.854971e-05,0.169486,0.012914889,1686.0940890312195,258,129000,-2.051448,0.9996578258869704,0.05036239
32.09,8503,0.0015944855,12950000,1.3357157135009765,1.2971553e-05,0.12817402,0.009796445,1692.2016718387604,259,129500,-2.066498,0.9999302413489204,0.050324127
32.28,8559,0.0015032843,13000000,1.353629826903343,2.5702317e-05,0.183768,0.013667933,1698.5225102901459,260,130000,-2.0925672,0.9998274247336667,0.050354496
32.06,8494,0.00017743351,13050000,1.332497398853302,1.5277332e-05,0.12677999,0.009719954,1704.9917283058167,261,130500,-2.1115294,0.9999534558119194,0.050303955
32.05,8885,0.002435951,13100000,1.3314141768217087,5.2906293e-05,0.13327597,0.010285458,1711.4476606845856,262,131000,-2.1458898,0.9999084713344928,0.050311234
32.1,8623,0.003516949,13150000,1.336347025036812,2.3071745e-05,0.121134005,0.009421742,1717.3703112602234,263,131500,-2.188037,0.9998753874388058,0.05034647
32.46,8294,0.001791367,13200000,1.370516864657402,3.005525e-05,0.18656997,0.014557278,1723.8124673366547,264,132000,-2.2160802,0.9997237443458289,0.05038514
32.07,8213,0.0023030876,13250000,1.3338117074966431,7.1169306e-06,0.17647596,0.0130359875,1730.4676382541656,265,132500,-2.2358103,0.9999456250006915,0.05034728
32.92,8361,-0.00032027438,13300000,1.4141996070742606,6.0493636e-05,0.19574803,0.015826821,1737.1985845565796,266,133000,-2.2457948,0.9994431009981781,0.05040811
32.43,8751,0.000824363,13350000,1.3681026202440263,2.9028508e-05,0.169766,0.013066019,1743.8573958873749,267,133500,-2.2436492,0.9997266191930976,0.050389625
32.14,8431,0.0025341553,13400000,1.3407822853326798,1.0255428e-05,0.15015802,0.011411689,1750.118015050888,268,134000,-2.2541633,0.9999069251934998,0.050350636
32.05,8364,0.0017488551,13450000,1.3318088054656982,4.8367924e-06,0.14653403,0.0113500655,1756.5604331493378,269,134500,-2.2831986,0.9999582399868814,0.05032699
32.0,8379,-0.0036873538,13500000,1.3272397118806838,1.5776781e-06,0.144768,0.011840847,1762.8429923057556,270,135000,-2.325288,0.9999862215663597,0.050323155
32.18,8522,0.0044748257,13550000,1.344632827937603,1.251431e-05,0.19131202,0.014733686,1769.365003824234,271,135500,-2.35211,0.9998870745766908,0.050364852
32.47,8575,0.0035817185,13600000,1.3718528050184249,3.0517398e-05,0.206168,0.017129572,1775.612786769867,272,136000,-2.3492782,0.9997251685708761,0.05039155
32.06,8571,0.0030470428,13650000,1.3327534866333008,6.292556e-06,0.17807598,0.013432201,1781.9555830955505,273,136500,-2.3583205,0.9999536890172749,0.050331872
32.05,8511,0.0016469636,13700000,1.3325983440876008,4.9119285e-06,0.16650198,0.013192355,1788.185007572174,274,137000,-2.390342,0.9999584040888294,0.050345406
32.2,8447,0.0029499617,13750000,1.3466439896821976,1.4564251e-05,0.17458802,0.012816685,1794.4279651641846,275,137500,-2.4106593,0.9998761524475412,0.050362792
32.19,8432,0.005046293,13800000,1.345593923330307,1.38929845e-05,0.21213602,0.016927104,1800.9133756160736,276,138000,-2.4269114,0.9998796693034819,0.050369393
33.44,8316,-0.0011943934,13850000,1.4975378841161728,0.00013141449,0.18075399,0.014725848,1807.359671831131,277,138500,-2.4246118,0.9988273525377735,0.050449137
33.72,8418,0.00075590855,13900000,1.4899390158057213,9.905473e-05,0.17433201,0.0134341,1813.8404059410095,278,139000,-2.4050176,0.9991028093500063,0.05043533
32.48,8043,0.0025957406,13950000,1.3732332020998002,0.00028246173,0.15686601,0.011960335,1820.3299067020416,279,139500,-2.402737,0.9996931431232952,0.050383158
32.4,8440,0.0033507978,14000000,1.365520022213459,5.3827986e-05,0.15063,0.0112316515,1826.909336566925,280,140000,-2.4114046,0.9996917095850222,0.050379064
32.12,8392,0.0039318157,14050000,1.3393178075551986,2.581939e-05,0.13101801,0.0097894855,1833.222207069397,281,140500,-2.4312675,0.9998394995054696,0.050355714
32.14,8309,0.004074329,14100000,1.3414741468429565,1.2779852e-05,0.16324602,0.012072078,1839.5697875022888,282,141000,-2.4488332,0.9998915386750014,0.050368756
32.33,8469,0.0030656063,14150000,1.3589285346865654,2.2388846e-05,0.21098605,0.016370665,1846.3505644798279,283,141500,-2.4490993,0.9997833497036481,0.05037432
32.03,8352,0.001710163,14200000,1.330743021965027,3.5858786e-06,0.166264,0.01236722,1852.758139371872,284,142000,-2.4675202,0.9999650856625522,0.050328776
32.17,7930,0.0035913484,14250000,1.3440744477510451,1.1861983e-05,0.212668,0.016885474,1859.171638727188,285,142500,-2.4848533,0.9998919296413078,0.050351664
32.28,8207,0.0027314534,14300000,1.354815579354763,1.8999093e-05,0.195576,0.015189953,1866.218364238739,286,143000,-2.4863622,0.9998298003920354,0.050376583
32.02,8091,0.0004177945,14350000,1.3301406919956207,2.6498947e-06,0.17542398,0.013299047,1872.9853103160858,287,143500,-2.505908,0.9999762649640616,0.050313115
32.13,8341,0.003502574,14400000,1.3410372656583787,9.368006e-06,0.16150801,0.012168064,1879.8448510169983,288,144000,-2.5258195,0.9999148455754039,0.050353397
32.45,8027,0.001170101,14450000,1.3708451905846595,2.9205583e-05,0.18810004,0.013901979,1886.3436834812164,289,144500,-2.5296319,0.9997353801154532,0.05039535
32.09,8314,0.0069974596,14500000,1.3365321761369706,6.863749e-06,0.19719796,0.01635305,1893.133573770523,290,145000,-2.5449739,0.999935936764814,0.05035106
32.18,8394,0.0032383543,14550000,1.3451258870959282,1.2456044e-05,0.18047804,0.013189932,1899.7174561023712,291,145500,-2.5712528,0.9998874669981888,0.050367326
32.21,8038,0.004109843,14600000,1.3479126346111299,1.4473827e-05,0.21576801,0.016916985,1906.348792552948,292,146000,-2.5769062,0.9998693033703603,0.050374918
32.06,8190,0.0042031114,14650000,1.33374671459198,5.052195e-06,0.18423598,0.014460427,1913.027662038803,293,146500,-2.5921562,0.999954692171741,0.050325897
32.16,8042,0.005800932,14700000,1.3430075961351395,1.1500629e-05,0.225492,0.018609628,1919.7701766490936,294,147000,-2.6212623,0.9998979266310926,0.050357837
32.01,8120,0.0006646324,14750000,1.328901448249817,1.9504807e-06,0.17315198,0.014137319,1926.5602593421936,295,147500,-2.657666,0.9999816552299308,0.05031687
32.0,8232,-0.0010016458,14800000,1.328040869832039,1.287903e-06,0.17948599,0.014454902,1933.1518671512604,296,148000,-2.695246,0.9999882969768805,0.050310932
32.02,8245,0.003807454,14850000,1.3299349707365036,2.5456723e-06,0.20483002,0.017527983,1939.8426702022552,297,148500,-2.731095,0.9999772433948237,0.050324112
32.17,8098,0.004888884,14900000,1.3446157690882683,1.2077225e-05,0.231408,0.018822894,1946.7017495632172,298,149000,-2.7580664,0.9998929734429112,0.050382666
32.64,7859,-0.00037950676,14950000,1.388651949763298,4.1242445e-05,0.20745802,0.016303727,1953.7241377830505,299,149500,-2.7547193,0.9996231288532726,0.050416313
32.02,7854,0.0017252536,15000000,1.3300889045000077,2.491945e-06,0.173742,0.013516029,1960.5504806041718,300,150000,-2.764316,0.9999772183018649,0.050347786
32.13,8349,0.005821515,15050000,1.3410931769013406,9.488114e-06,0.23809399,0.01913316,1967.3831114768982,301,150500,-2.8014712,0.999915528940619,0.050372783
32.65,7968,0.0025723905,15100000,1.389911178946495,5.0951072e-05,0.223456,0.018080411,1974.1259512901306,302,151000,-2.811552,0.9996222608315293,0.050418183
32.58,8000,0.0032157192,15150000,1.3833078408241273,4.933458e-05,0.21102798,0.017059775,1981.1034331321716,303,151500,-2.8072226,0.9996632524125744,0.050400726
32.2,7779,0.0042603253,15200000,1.3471376129984856,1.4062597e-05,0.21658204,0.017869487,1987.9849345684052,304,152000,-2.8183477,0.9998737809655722,0.050367497
32.0,7760,-0.003160105,15250000,1.3280439066886902,1.2712027e-06,0.146294,0.011483215,1995.0674269199371,305,152500,-2.8468072,0.999988091328305,0.050312784
32.03,7782,0.0010595215,15300000,1.3311892849206926,3.109221e-06,0.176502,0.013420321,2001.8924219608307,306,153000,-2.8734083,0.9999722201318946,0.05033915
32.03,8048,0.002956185,15350000,1.331105473637581,3.8848516e-06,0.17783003,0.01459585,2008.8467240333557,307,153500,-2.8957043,0.9999720224386692,0.050358362
32.63,7994,0.0014719662,15400000,1.387562930881977,7.418861e-05,0.19083403,0.016468246,2015.7750043869019,308,154000,-2.8994133,0.9996351053123362,0.050408076
32.11,7971,0.0061174734,15450000,1.3381395107507705,1.4206597e-05,0.20778804,0.016213167,2022.6979765892029,309,154500,-2.909864,0.99991706993751,0.050355963
32.41,8131,0.0023090772,15500000,1.36688959389925,2.652352e-05,0.22195798,0.018031351,2029.4921081066132,310,155000,-2.927051,0.9997612617153209,0.050375853
32.03,7816,0.0034164668,15550000,1.3310463321208954,3.4230115e-06,0.16179799,0.012619927,2036.334225654602,311,155500,-2.9461005,0.9999654007515346,0.05034076
32.01,8132,0.00042592548,15600000,1.3291424745321274,1.9962677e-06,0.17904402,0.013713026,2043.4401550292969,312,156000,-2.9799528,0.9999834951213415,0.050327122
32.07,8343,0.0019905113,15650000,1.3343403792381288,6.967538e-06,0.19316798,0.014351041,2050.0549342632294,313,156500,-3.0127356,0.9999500533085666,0.050348993
32.05,8019,0.0011468877,15700000,1.333018427491188,4.3669866e-06,0.18857002,0.01397653,2056.5669405460358,314,157000,-3.0417347,0.9999612678329868,0.05034371
32.07,7978,0.0050280034,15750000,1.3344596189260483,1.1693492e-05,0.22503,0.018616088,2063.419119119644,315,157500,-3.069881,0.9999505875202885,0.050355263
32.0,8315,-0.002395772,15800000,1.3274735224246978,3.8002026e-06,0.14814402,0.011602709,2070.264314889908,316,158000,-3.0986972,0.999989157435266,0.05034689
32.0,8256,0.00032012328,15850000,1.3273535615205765,1.0516885e-06,0.17283796,0.014430714,2076.7496638298035,317,158500,-3.1274385,0.9999904679452811,0.05035202
32.62,7891,0.0070629753,15900000,1.3862671229243277,4.1799954e-05,0.29119,0.031266805,2083.5114068984985,318,159000,-3.1351624,0.9996336064941715,0.050426286
33.35,8281,0.0002194146,15950000,1.4552772849798203,8.237612e-05,0.16148199,0.012706023,2090.341020822525,319,159500,-3.1267982,0.9992532850592397,0.050450988
32.94,8384,0.0027742954,16000000,1.4164625489711762,6.045809e-05,0.19823802,0.016690124,2096.930910587311,320,160000,-3.1227112,0.9994596124743111,0.050435986
33.4,8484,-0.0012157833,16050000,1.4598946276307105,8.759308e-05,0.173654,0.013824692,2103.3043110370636,321,160500,-3.1139202,0.9991949456161819,0.050459664
32.8,8477,0.0018786176,16100000,1.4029959386587143,5.1239855e-05,0.18212998,0.014550409,2109.6424190998077,322,161000,-3.103905,0.9995311576058157,0.05043655
32.19,8094,0.005133778,16150000,1.3455143773555756,5.892199e-05,0.20353399,0.016475724,2116.062915802002,323,161500,-3.1076157,0.9998758447327418,0.050392315
32.0,7913,0.005261249,16200000,1.3274164080619812,5.7592704e-05,0.14222401,0.010814855,2122.683266401291,324,162000,-3.1156902,0.9996106216858607,0.050352704
32.02,8414,0.0046016,16250000,1.3292348051071168,5.1750003e-06,0.16780397,0.012726384,2129.5278508663177,325,162500,-3.1316786,0.9999521651443501,0.050349254
32.06,8460,0.0063744443,16300000,1.333143677711487,1.22952115e-05,0.19406204,0.015713803,2135.875649213791,326,163000,-3.155737,0.9999450048453582,0.050372984
32.05,8114,0.0024969922,16350000,1.3319862747192384,4.482426e-06,0.149248,0.0115517555,2142.410798072815,327,163500,-3.184639,0.9999545078972005,0.05038408
32.05,8345,0.0040523554,16400000,1.3324590498209,4.371697e-06,0.20682007,0.016508069,2149.1539690494537,328,164000,-3.2081583,0.9999603977412335,0.05038792
32.23,8016,0.0037535815,16450000,1.349159298837185,1.6165755e-05,0.24188401,0.019774286,2155.7264828681946,329,164500,-3.2274609,0.9998573303601006,0.050401617
32.15,7616,0.0057938294,16500000,1.3412095111608506,1.0775436e-05,0.25557196,0.02162087,2162.5669333934784,330,165000,-3.2437327,0.9999028988240752,0.050397106
32.13,7973,0.00579111,16550000,1.3396356046199798,3.186873e-05,0.27372396,0.023541678,2169.85626745224,331,165500,-3.2652721,0.9999144864050322,0.050411317
32.48,8082,0.0025045595,16600000,1.372330159842968,5.889983e-05,0.20139599,0.017571293,2176.7718710899353,332,166000,-3.2656384,0.999649279168807,0.050426584
32.2,7946,0.0044821114,16650000,1.3458530968427658,3.4369983e-05,0.23400597,0.01927712,2183.5345180034637,333,166500,-3.2535944,0.9998682042350993,0.050419435
32.38,8323,0.006669333,16700000,1.3629193499684333,3.0415824e-05,0.29383802,0.028009797,2190.5929527282715,334,167000,-3.242628,0.9997650698933285,0.050432373
32.04,8195,0.009991372,16750000,1.3307159781455993,3.7173147e-06,0.20846203,0.01861527,2197.387123823166,335,167500,-3.2539332,0.9999579478608212,0.050398946
32.08,8006,0.0038171718,16800000,1.3345484554767608,6.2688796e-06,0.19886403,0.015186483,2203.881174325943,336,168000,-3.2729414,0.9999422721957671,0.050411075
32.16,8225,0.0050978633,16850000,1.3421411466598512,1.1610928e-05,0.251436,0.021203065,2210.72062087059,337,168500,-3.2889144,0.9998955663686502,0.050416138
32.15,7973,0.0062453705,16900000,1.3411228215694428,1.0821486e-05,0.24034798,0.021697732,2217.288586616516,338,169000,-3.2996473,0.9999018905436969,0.05041873
32.12,7801,0.0049485834,16950000,1.3379823878407477,8.864572e-06,0.23121008,0.019007618,2224.2014017105103,339,169500,-3.3190548,0.9999199578305706,0.05041094
32.1,8082,0.0068119643,17000000,1.336459118127823,1.2258329e-05,0.265158,0.022707934,2231.136059999466,340,170000,-3.3342829,0.9999318124100682,0.050416183
32.63,8301,0.0015951497,17050000,1.3863767918944359,4.221551e-05,0.25280592,0.0210109,2237.9315090179443,341,170500,-3.33271,0.9996182587346993,0.0504517
32.12,8075,0.0055876416,17100000,1.3388487243652343,9.985163e-06,0.205076,0.01610321,2244.2534692287445,342,171000,-3.3236227,0.9999118860141607,0.050411396
32.17,7886,0.005568979,17150000,1.3432230219244956,1.3237716e-05,0.24754599,0.022269784,2251.1490676403046,343,171500,-3.3237247,0.999889962207817,0.050411835
32.04,8268,0.0045762,17200000,1.330746701359749,5.839262e-06,0.179486,0.014066108,2257.845931529999,344,172000,-3.3398657,0.9999645393072569,0.050370116
32.06,7741,0.0051978696,17250000,1.3332415318489075,2.7157857e-05,0.238966,0.018633546,2264.5220141410828,345,172500,-3.366252,0.9999560924916295,0.050392587
32.4,8179,0.002143161,17300000,1.3651145234704019,2.7085338e-05,0.23692201,0.021419492,2271.5556633472443,346,173000,-3.37563,0.9997544974903576,0.05042466
32.21,7940,0.0038682634,17350000,1.3473729327321053,1.5033379e-05,0.21061598,0.016500706,2278.3943083286285,347,173500,-3.3822355,0.9998645761515945,0.05041796
32.66,8276,0.001178483,17400000,1.3892435494065285,4.3382588e-05,0.21939798,0.01683678,2285.3938086032867,348,174000,-3.3847482,0.9996061843994539,0.050434954
32.43,8210,0.003932252,17450000,1.368107542693615,3.1886542e-05,0.238978,0.021922408,2292.0233941078186,349,174500,-3.3744051,0.9997409081261139,0.050424557
32.76,7875,0.0015162816,17500000,1.399063523709774,5.1905117e-05,0.21354595,0.018000089,2298.606796979904,350,175000,-3.3521318,0.9995525908307172,0.050435293
32.12,8254,0.0054071965,17550000,1.3391423845291137,9.4657025e-06,0.209086,0.016522888,2305.4746794700623,351,175500,-3.3457296,0.9999150805815589,0.05039148
32.04,8201,0.004700628,17600000,1.331549192070961,3.6126867e-06,0.228408,0.017956633,2312.062611579895,352,176000,-3.3648155,0.9999676513471059,0.050370205
32.21,7955,0.0052116257,17650000,1.3482637086510658,1.4491649e-05,0.271432,0.025389638,2318.540249824524,353,176500,-3.3758662,0.9998699634306831,0.050399173
32.12,7653,0.0058149286,17700000,1.3393227398395537,1.2098386e-05,0.25111797,0.022381797,2325.3858683109283,354,177000,-3.386674,0.9999205883359537,0.0504019
32.01,8048,0.0012463101,17750000,1.3287309163808823,5.8571495e-06,0.13380802,0.010192198,2332.4384944438934,355,177500,-3.4032853,0.9999561043114227,0.050356507
32.03,7922,0.003751728,17800000,1.3308367681503297,3.2224652e-06,0.20534196,0.015820561,2339.262084007263,356,178000,-3.4207282,0.9999722749671491,0.050366595
32.01,7553,0.0029397816,17850000,1.3290761816501617,1.7091428e-06,0.20351,0.016153613,2346.187537431717,357,178500,-3.4534445,0.9999850843332752,0.050364763
32.0,7557,0.004179219,17900000,1.3277643233537675,8.919757e-07,0.19381198,0.016885113,2353.404526948929,358,179000,-3.4814336,0.9999917380528132,0.050356586
32.14,7721,0.0054847538,17950000,1.3414262062311173,1.042236e-05,0.26847604,0.022013424,2360.501996278763,359,179500,-3.4922488,0.9999082050780999,0.050412174
32.04,7896,0.004690735,18000000,1.331816475391388,3.5388875e-06,0.22753997,0.018046612,2367.647936820984,360,180000,-3.501126,0.9999689120631956,0.050375182
32.54,7992,0.0025488704,18050000,1.3791938459873199,0.00027458693,0.23637198,0.020009082,2374.402369260788,361,180500,-3.500348,0.9996725478558801,0.05045076
33.16,7948,0.0040418915,18100000,1.4375548541545868,7.385974e-05,0.22132398,0.019118402,2381.198536157608,362,181000,-3.4833672,0.9993387409485877,0.05046209
32.73,8212,0.0016670455,18150000,1.3964965826272964,4.732494e-05,0.21271802,0.01724634,2388.1194789409637,363,181500,-3.4649673,0.9995678561681416,0.050447144
32.16,8291,0.009010443,18200000,1.3432212001085282,1.144224e-05,0.268136,0.024742857,2394.780151605606,364,182000,-3.455138,0.9998940225486876,0.05041117
32.02,7965,0.004183391,18250000,1.3300573271512985,2.260685e-06,0.22598805,0.01804579,2401.5063059329987,365,182500,-3.47279,0.9999790347501403,0.050381534
32.06,8003,0.004746031,18300000,1.3340275067090988,4.875026e-06,0.24673796,0.019525995,2408.452338695526,366,183000,-3.5011365,0.9999572314191028,0.05040245
32.45,8055,0.003546553,18350000,1.3707887789607047,3.0392046e-05,0.25976998,0.022438614,2415.364269018173,367,183500,-3.515442,0.9997249137377366,0.050446372
32.82,8353,0.00036151186,18400000,1.4055572417378426,5.2988922e-05,0.21138404,0.016725555,2422.153826713562,368,184000,-3.5020359,0.9995176105876453,0.050452717
32.48,8345,0.0030560486,18450000,1.373446028828621,3.204352e-05,0.21703997,0.017685262,2428.627462863922,369,184500,-3.4885647,0.9997082725167274,0.05044161
32.19,7937,0.004048394,18500000,1.346083067059517,1.3610433e-05,0.21289799,0.017368907,2435.373165369034,370,185000,-3.4856021,0.9998763313196832,0.050429225
32.02,8188,0.0026287031,18550000,1.3297315895557404,2.240905e-06,0.18874201,0.014877157,2442.334522485733,371,185500,-3.5038953,0.999979392716341,0.050383866
32.02,8598,0.005684765,18600000,1.3292701756954193,2.281525e-06,0.23493604,0.02030628,2448.947284221649,372,186000,-3.5428627,0.9999798463250045,0.05037601
32.2,8165,0.0065653645,18650000,1.346502901017666,1.5134346e-05,0.279144,0.025667284,2455.427578687668,373,186500,-3.5593977,0.9998714156827191,0.050434686
32.03,7776,0.0046400577,18700000,1.3305515253543854,3.7719226e-06,0.198084,0.015715942,2462.037831544876,374,187000,-3.5736964,0.999972514457113,0.05040407
32.07,8299,0.007848532,18750000,1.3347732472419738,7.3249184e-06,0.26548204,0.022904726,2469.0991332530975,375,187500,-3.6041589,0.9999501862585021,0.050418194
32.2,8181,0.0065223384,18800000,1.3472774142026902,1.4045384e-05,0.305482,0.02878756,2475.8684763908386,376,188000,-3.6160805,0.9998726537742186,0.050436888
32.02,8513,0.004023216,18850000,1.3299295425415039,3.0513913e-06,0.2064,0.01726574,2482.443636894226,377,188500,-3.6258972,0.9999804998751642,0.05039238
32.01,8273,0.007961921,18900000,1.3291996800899506,4.541409e-06,0.22404203,0.019352056,2488.7754306793213,378,189000,-3.6462839,0.9999840995023987,0.050392818
32.02,8287,0.00365579,18950000,1.3301141834259034,2.1176552e-06,0.224356,0.017221922,2495.4509847164154,379,189500,-3.6768508,0.999980963064445,0.050406273
32.07,7950,0.008774451,19000000,1.3352900886535644,5.924684e-06,0.30011803,0.02909525,2501.9110560417175,380,190000,-3.7021265,0.9999508292712562,0.050430723
32.0,8014,0.00013941718,19050000,1.3276553028821945,9.998728e-07,0.19258408,0.015377841,2508.7903423309326,381,190500,-3.71641,0.999987963708918,0.050351635
32.01,8099,0.004320635,19100000,1.3287955605983734,1.4677528e-06,0.21433999,0.017776038,2515.4449191093445,382,191000,-3.737942,0.999986998629538,0.050375868
32.01,7988,0.003889762,19150000,1.3293006283044815,1.5270704e-06,0.19053598,0.015167704,2522.0803847312927,383,191500,-3.777312,0.9999857649836486,0.050406713
32.11,7949,0.008793451,19200000,1.338904429078102,8.355197e-06,0.30135602,0.026244633,2528.9950482845306,384,192000,-3.808062,0.9999264718280756,0.05042957
32.28,8046,0.0048781354,19250000,1.3546930441260339,1.9603647e-05,0.270966,0.024357371,2535.9225058555603,385,192500,-3.8206155,0.9998262255685404,0.050434444
32.1,8096,0.006974552,19300000,1.3381946647167207,7.460802e-06,0.264904,0.023709195,2542.6588027477264,386,193000,-3.82554,0.9999327774203266,0.050419245
32.06,8265,0.0052883895,19350000,1.3342192500829697,7.1101967e-06,0.23490404,0.018328728,2549.267944574356,387,193500,-3.8411603,0.9999569378705928,0.05042311
32.33,8102,0.004947023,19400000,1.359823268353939,2.2957303e-05,0.32119805,0.030868562,2555.901148557663,388,194000,-3.848769,0.99979179368529,0.050439753
32.01,8243,0.0022891492,19450000,1.3291962921619416,4.3011267e-05,0.21485601,0.01639881,2562.6368639469147,389,194500,-3.8561041,0.9999847288945602,0.05037647
32.08,7998,0.00690248,19500000,1.3361986783146858,1.6066972e-05,0.18479203,0.013759311,2569.328665494919,390,195000,-3.8771539,0.999861794145545,0.05040274
32.12,8326,0.00783576,19550000,1.3400481939315796,1.3821101e-05,0.28923196,0.025585847,2576.096853494644,391,195500,-3.8929513,0.9999136169499252,0.050406504
32.03,8096,0.0073280986,19600000,1.331270658969879,2.886974e-06,0.28417003,0.0250547,2582.629186153412,392,196000,-3.9045603,0.9999741528663435,0.050397135
32.31,8014,0.0037149924,19650000,1.3577140754461288,2.1685804e-05,0.29800606,0.028198026,2589.075412750244,393,196500,-3.9031942,0.9998078339267522,0.05043498
32.01,8082,0.0009472296,19700000,1.329550963640213,1.6470821e-06,0.18790795,0.014704287,2595.7570691108704,394,197000,-3.9101124,0.9999869581251914,0.050398726
32.15,7803,0.0043495633,19750000,1.3429120260477065,1.0744934e-05,0.23980597,0.019681279,2602.3128809928894,395,197500,-3.9306781,0.9999034973152447,0.050425284
32.03,8019,0.0062953555,19800000,1.3315238469839097,2.7934711e-06,0.24428001,0.0215649,2609.2059466838837,396,198000,-3.942528,0.9999753256379336,0.05040668
32.23,8247,0.0038751962,19850000,1.3502911418676375,1.615776e-05,0.27836397,0.025551355,2615.9779057502747,397,198500,-3.9609356,0.9998551031167153,0.050441343
32.05,8229,0.00512562,19900000,1.333632407784462,4.0890545e-06,0.22902995,0.018412964,2622.5357100963593,398,199000,-3.9694624,0.9999610086706525,0.050410658
32.09,8201,0.005894852,19950000,1.337504267692566,7.080453e-06,0.28438407,0.024817862,2629.2075169086456,399,199500,-3.9825275,0.9999391084820672,0.050428674
32.04,8198,0.0061859423,20000000,1.332920591235161,4.320636e-06,0.25016195,0.021732723,2635.8474431037903,400,200000,-4.0023994,0.999967466108501,0.05040498
32.05,8241,0.0077358205,20050000,1.3335665220022201,4.135134e-06,0.275248,0.02544124,2642.2827084064484,401,200500,-4.020425,0.9999638789013261,0.05041064
32.09,7827,0.004160054,20100000,1.3373352307081223,6.8530667e-06,0.23020796,0.01814851,2648.9268867969513,402,201000,-4.0453486,0.9999375046754722,0.05042797
32.0,8192,0.00042504902,20150000,1.3284501874446868,7.082991e-07,0.185316,0.014896445,2655.9919686317444,403,201500,-4.0809283,0.9999936305339361,0.050395068
32.01,8102,0.0045761536,20200000,1.3292081677913665,1.3307139e-06,0.22253403,0.019864727,2662.603320837021,404,202000,-4.101647,0.9999881114690652,0.050395098
32.02,8355,0.0054503144,20250000,1.3304322654008864,4.2453707e-06,0.222824,0.018026482,2669.4251754283905,405,202500,-4.1284466,0.9999814046786923,0.050421398
32.07,8387,0.0070020016,20300000,1.335214204788208,5.4218735e-06,0.290466,0.026537105,2675.908070087433,406,203000,-4.1595836,0.9999513399052375,0.05043845
32.05,8146,0.0074716415,20350000,1.3331018340587617,7.486454e-05,0.290542,0.0267223,2682.4058859348297,407,203500,-4.187761,0.9999632840554113,0.05042739
32.0,8218,0.010978877,20400000,1.3281814062595367,5.8523474e-06,0.19019201,0.01595139,2689.1608176231384,408,204000,-4.2104654,0.9999531487374043,0.050385058
32.09,8339,0.0063219112,20450000,1.3367594230175017,7.610402e-06,0.26677802,0.02244123,2695.9026374816895,409,204500,-4.2226715,0.9999362228336395,0.050426878
32.1,7869,0.010321782,20500000,1.338039016723633,7.503221e-06,0.38452804,0.043753672,2702.286774635315,410,205000,-4.229679,0.999933241866529,0.050427597
32.0,8003,-0.0017547894,20550000,1.3283651340007783,7.056013e-07,0.17622198,0.013772739,2709.1527276039124,411,205500,-4.2477474,0.9999937989214231,0.05040487
32.11,8105,0.007213259,20600000,1.3390164524316788,8.032304e-06,0.34026802,0.033793516,2716.040520429611,412,206000,-4.2714796,0.9999278549075825,0.050436236
32.37,7830,0.0045909444,20650000,1.3632025396823884,2.6281201e-05,0.3115139,0.032674268,2722.7980976104736,413,206500,-4.276005,0.9997682353714481,0.050452437
33.1,7771,0.004806237,20700000,1.4317674750089646,7.177124e-05,0.26137197,0.024244392,2729.868215560913,414,207000,-4.2565,0.999341705115512,0.05047529
32.05,8068,0.0072782133,20750000,1.3333904722332954,4.2740517e-06,0.20308395,0.01566642,2736.9211480617523,415,207500,-4.259989,0.9999534026137553,0.05042469
32.08,8135,0.008562882,20800000,1.3362621903419494,6.069883e-06,0.31293,0.029431013,2743.6413753032684,416,208000,-4.280209,0.9999447914669872,0.050422594
32.09,8020,0.006445747,20850000,1.3372979813814163,6.676551e-06,0.29131794,0.024935164,2750.2981865406036,417,208500,-4.293814,0.9999393195976154,0.05042642
32.57,7895,0.0032560236,20900000,1.382366848886013,3.8591243e-05,0.271262,0.026191028,2756.9114809036255,418,209000,-4.291231,0.9996506986499298,0.05046337
32.38,7994,0.004798,20950000,1.3644617873430251,2.6097365e-05,0.264192,0.02347086,2763.9231882095337,419,209500,-4.273526,0.9997612949082395,0.050454527
32.08,7712,0.0076532634,21000000,1.3361952751874924,7.6308215e-06,0.27407998,0.024719324,2770.8947899341583,420,210000,-4.2782536,0.9999433710399899,0.050436333
32.0,8274,0.0045820195,21050000,1.328014270067215,6.37847e-07,0.22155999,0.019792965,2778.0264477729797,421,210500,-4.307143,0.9999924473595456,0.050399028
32.0,7817,0.007603509,21100000,1.3279119861125945,6.5881693e-07,0.26940393,0.02571027,2784.5674941539764,422,211000,-4.3257027,0.9999937750235404,0.050385166
32.0,8206,0.0030155396,21150000,1.3280673408508301,6.3121036e-07,0.21238193,0.018438656,2791.557258605957,423,211500,-4.3571773,0.9999944450992189,0.05039155
32.0,7870,0.0061098533,21200000,1.3279949516057967,5.999249e-07,0.23115398,0.022032792,2798.209938287735,424,212000,-4.3821917,0.9999947171359054,0.05040082
32.03,7911,0.006224948,21250000,1.331401207447052,2.689908e-06,0.233532,0.019074548,2805.155630350113,425,212500,-4.407149,0.9999759273869131,0.050431415
32.0,7907,0.0026608042,21300000,1.3284224331378938,6.453041e-07,0.21530199,0.018099083,2812.0403802394867,426,213000,-4.429287,0.999994481122485,0.050421126
32.01,7915,0.003526943,21350000,1.329603310227394,1.3118613e-06,0.22479795,0.018150097,2818.815644979477,427,213500,-4.454277,0.9999886059085838,0.05043933
32.27,7559,0.0064139557,21400000,1.3538303366303444,1.9090723e-05,0.34107003,0.0348508,2825.8866062164307,428,214000,-4.467205,0.9998284102475736,0.05046398
32.0,7889,0.0034903944,21450000,1.3280582517385482,7.269539e-07,0.19843192,0.016025078,2833.151924610138,429,214500,-4.4762044,0.9999915156395218,0.0504119
32.01,7921,0.009628796,21500000,1.3292665457725525,1.3206177e-06,0.25728202,0.024965577,2840.0595383644104,430,215000,-4.4934206,0.9999885345860093,0.050433703
32.08,7768,0.011566477,21550000,1.3359037792682649,6.1096343e-06,0.338222,0.041900445,2846.92746925354,431,215500,-4.5153,0.9999454539211001,0.050449282
32.85,7781,0.004966352,21600000,1.4082913014292717,0.00010771568,0.26966804,0.025103167,2853.899690389633,432,216000,-4.5119457,0.9994775344384834,0.0504987
32.39,8105,0.003640916,21650000,1.365162792801857,2.7573762e-05,0.28100196,0.026224956,2860.94935297966,433,216500,-4.4880347,0.9997510857938323,0.050484195
32.28,8153,0.009001525,21700000,1.3547563216090202,2.1638913e-05,0.35207188,0.037021212,2867.433795452118,434,217000,-4.469991,0.9998183820134727,0.050484862
32.07,8115,0.006629665,21750000,1.334804361462593,5.545452e-06,0.26879397,0.022831047,2874.225914478302,435,217500,-4.478028,0.9999498775832762,0.050454848
32.01,8069,0.004125253,21800000,1.329141286611557,1.2947432e-06,0.225974,0.018863283,2881.1136877536774,436,218000,-4.505724,0.99998815312847,0.050441287
32.04,8055,0.011860008,21850000,1.3321172159910202,3.393985e-06,0.31852603,0.034946565,2887.751851081848,437,218500,-4.5321803,0.9999696850645705,0.05046047
32.26,8125,0.0053783776,21900000,1.3528478309512137,1.8553836e-05,0.33946607,0.03443175,2894.5951154232025,438,219000,-4.5387588,0.9998321855673566,0.05047625
32.08,8167,0.0070332885,21950000,1.3360521230101585,8.607098e-06,0.29878396,0.027048778,2901.4876987934113,439,219500,-4.530336,0.9999449677598022,0.050453994
32.24,7967,0.0093944175,22000000,1.351029257774353,1.9129939e-05,0.2612121,0.025111638,2908.1186938285828,440,220000,-4.529849,0.9997955321450718,0.050474472
32.26,8173,0.0065322164,22050000,1.352978648543358,1.972646e-05,0.30849603,0.028094597,2914.9956686496735,441,220500,-4.52473,0.9998263446468627,0.050483763
32.02,7880,0.0065171844,22100000,1.330192010998726,2.1923643e-06,0.21911396,0.017127376,2921.72945189476,442,221000,-4.5187263,0.9999737136022304,0.050444737
32.11,7715,0.0070454143,22150000,1.338797761797905,8.502648e-06,0.28230992,0.028866686,2928.5973279476166,443,221500,-4.5202346,0.9999241689147311,0.05046247
32.01,7918,0.004677656,22200000,1.3293896305561066,1.4561979e-06,0.21820994,0.017144516,2935.3898787498474,444,222000,-4.5287447,0.9999883702912484,0.050444838
32.7,7954,0.0073548667,22250000,1.3938935279846192,5.738283e-05,0.316028,0.03499309,2942.317894220352,445,222500,-4.534241,0.9995647702016868,0.050489396
32.06,8185,0.008862246,22300000,1.3340170484781266,6.067066e-06,0.300834,0.026566245,2949.1720373630524,446,223000,-4.54474,0.9999564066747553,0.05045338
32.13,8509,0.006395408,22350000,1.3406637641787529,1.0013323e-05,0.28792998,0.027385559,2955.806474685669,447,223500,-4.550319,0.9999128554045456,0.050468653
33.1,7976,0.0017607653,22400000,1.4316748988628387,7.4890595e-05,0.23347601,0.020795582,2962.1603071689606,448,224000,-4.5356145,0.9993448561872356,0.050478764
33.43,7930,0.009723574,22450000,1.462930090725422,8.943779e-05,0.25352806,0.026572166,2969.0678458213806,449,224500,-4.5220075,0.9991859863512218,0.05048398
32.04,8178,0.009655056,22500000,1.3325743570923805,1.5033924e-05,0.20954399,0.016509453,2976.0526864528656,450,225000,-4.520946,0.9999320717251976,0.050436914
32.12,8361,0.0060100625,22550000,1.3398110669851304,1.0530322e-05,0.25554204,0.02086692,2982.8094396591187,451,225500,-4.5306473,0.9999126546754269,0.05045341
32.02,8181,0.008016296,22600000,1.3302643018960953,2.3231012e-06,0.27334595,0.023209339,2989.5276799201965,452,226000,-4.547186,0.9999784443061799,0.050431214
32.08,8571,0.008028689,22650000,1.3360728338360786,6.393972e-06,0.32774806,0.03250911,2996.0609805583954,453,226500,-4.558807,0.99994391070868,0.050452482
32.67,8335,0.004823273,22700000,1.3910023775696754,4.593504e-05,0.292668,0.031124176,3002.54425239563,454,227000,-4.5511665,0.9995829660911113,0.05049276
32.19,8476,0.015953247,22750000,1.3463392108678818,2.9515793e-05,0.373626,0.050208654,3008.9914071559906,455,227500,-4.530213,0.9998719953582622,0.050482072
32.9,8609,0.0033050443,22800000,1.412682129442692,6.1449005e-05,0.22586599,0.01804856,3015.6005804538727,456,228000,-4.5257807,0.9994404374156147,0.05050228
33.25,8589,0.00067885494,22850000,1.4625137244164943,0.000102439764,0.18970402,0.015470278,3022.0456812381744,457,228500,-4.5187902,0.9990574768162332,0.050496593
32.25,8457,0.008802728,22900000,1.3518923199176789,1.887391e-05,0.226604,0.020430613,3028.242040157318,458,229000,-4.5224605,0.9998133835906629,0.050476603
32.01,8663,0.009827289,22950000,1.3291540050506592,1.5506411e-06,0.256314,0.022582786,3034.763531923294,459,229500,-4.541011,0.9999846384089324,0.050445277
32.04,8661,0.005735772,23000000,1.3317076528072358,7.720008e-06,0.24205805,0.019556247,3041.098452091217,460,230000,-4.556849,0.9999671972036595,0.050457254
32.02,8453,0.0070041055,23050000,1.3298219382762908,6.446945e-06,0.25502402,0.021324266,3047.4066331386566,461,230500,-4.574217,0.9999799377637828,0.050446276
32.08,8545,0.015186987,23100000,1.3353754967451095,6.417141e-06,0.37033805,0.046454385,3053.9099299907684,462,231000,-4.581723,0.9999349127756432,0.05046682
32.25,8096,0.007204479,23150000,1.3513148906826973,1.8452867e-05,0.36449188,0.040658034,3060.31823015213,463,231500,-4.5775514,0.9998367876833072,0.050480254
32.04,8556,0.0075875027,23200000,1.331642146706581,3.6575584e-06,0.2901361,0.026591286,3067.076003551483,464,232000,-4.5743184,0.9999691147422709,0.050460458
32.0,8440,0.005381733,23250000,1.3277050513029098,2.7589754e-06,0.20098001,0.016836297,3073.46058511734,465,232500,-4.593239,0.9999935267978799,0.05042788
32.0,8175,0.006184918,23300000,1.327705345749855,6.1055033e-07,0.21887201,0.019608295,3079.9431426525116,466,233000,-4.629987,0.999994431952473,0.050435416
32.0,8686,0.009301876,23350000,1.327594164609909,5.6257926e-07,0.23820992,0.025853138,3086.7236149311066,467,233500,-4.6551766,0.9999949239627313,0.05043008
32.04,8471,0.011168868,23400000,1.3316347885131836,2.235639e-05,0.32480404,0.03527426,3093.042417049408,468,234000,-4.6724033,0.9999699919371778,0.05046555
32.02,8433,0.013611901,23450000,1.3294971978664398,4.000218e-05,0.24262804,0.021688504,3099.3858964443207,469,234500,-4.6945024,0.9999731939606136,0.050444838
32.05,8554,0.009463188,23500000,1.3326366209983826,4.4034227e-06,0.31920603,0.032317944,3105.8220994472504,470,235000,-4.710485,0.9999627363285981,0.050475035
32.14,8223,0.0107377805,23550000,1.3409744173288345,1.1340672e-05,0.40166605,0.048750944,3112.100247144699,471,235500,-4.7066255,0.9999043314164737,0.050479237
32.3,8058,0.0046782936,23600000,1.3558852738142013,2.1536252e-05,0.34109604,0.035283905,3118.6332721710205,472,236000,-4.6912436,0.9998039017082192,0.05048148
32.0,8582,0.0047077145,23650000,1.3275182151794434,5.622523e-07,0.217122,0.019168468,3125.4864208698273,473,236500,-4.69201,0.9999949701500555,0.050445482
32.05,8071,0.008462051,23700000,1.3324725103378297,4.0651257e-06,0.29864398,0.027794046,3131.905675172806,474,237000,-4.7171955,0.999962969643093,0.050467182
32.47,8088,0.0048624324,23750000,1.37176593542099,3.3748933e-05,0.29259002,0.025607467,3138.775300502777,475,237500,-4.731484,0.9997030109516345,0.05048211
32.03,8563,0.005847508,23800000,1.3307679390907288,2.8602421e-06,0.21205196,0.017207382,3145.5913627147675,476,238000,-4.745092,0.9999733338427177,0.050458778
32.03,8330,0.0071202535,23850000,1.330473946928978,2.6650077e-06,0.26070395,0.022324579,3151.88836312294,477,238500,-4.7661033,0.9999761690723972,0.050454542
32.01,8681,0.0067251706,23900000,1.3284746724367142,1.2264176e-06,0.23950599,0.020084443,3158.1725919246674,478,239000,-4.789491,0.9999884102926444,0.050437123
32.02,8519,0.0087990835,23950000,1.3294715815782547,1.9014965e-06,0.30703998,0.0272832,3164.545219182968,479,239500,-4.8194466,0.9999826940984349,0.05044205
32.07,8365,0.007268154,24000000,1.3347497183084487,5.4217403e-06,0.30978796,0.029009694,3170.7066526412964,480,240000,-4.8426805,0.999951255893393,0.050464477
32.31,7930,0.007081899,24050000,1.35748916387558,2.228068e-05,0.31871402,0.03295438,3177.305699825287,481,240500,-4.8525867,0.9998024647502461,0.050474703
32.05,8421,0.008652238,24100000,1.332745401263237,5.5722153e-06,0.27274603,0.026155524,3184.068947315216,482,241000,-4.874282,0.9999633293227816,0.05045951
32.09,8232,0.0098765,24150000,1.336516072154045,6.7952083e-06,0.346244,0.03998303,3190.6016461849213,483,241500,-4.8865,0.9999392816462205,0.050458677
32.0,8153,0.0029106813,24200000,1.3279446828365327,5.133387e-07,0.21779005,0.018339239,3197.24382853508,484,242000,-4.896526,0.999995259768184,0.050433993
32.06,8750,0.010385142,24250000,1.334052808880806,4.651803e-06,0.35021392,0.03617313,3203.9683167934418,485,242500,-4.911904,0.999958098436764,0.050460406
32.01,8365,0.008076396,24300000,1.3289824473857879,1.2053982e-06,0.28038204,0.026157746,3210.270473718643,486,243000,-4.9268503,0.9999891829493208,0.050425228
32.02,8781,0.007951669,24350000,1.3297282832860946,1.8879728e-06,0.286414,0.025079666,3216.819846868515,487,243500,-4.94705,0.9999831340101082,0.050437264
32.07,8137,0.008948906,24400000,1.3344627344608306,5.4764373e-06,0.26987803,0.025410268,3223.1894619464874,488,244000,-4.969747,0.999948813496303,0.050453592
32.1,8650,0.006948166,24450000,1.3373006135225296,4.5513432e-05,0.3354499,0.033666275,3229.9390258789062,489,244500,-4.97994,0.9999313138032448,0.050466288
32.29,8891,0.006683715,24500000,1.3550652125477791,7.132684e-05,0.29319006,0.027716685,3236.2402667999268,490,245000,-4.984266,0.999808305510669,0.050479606
32.04,8703,0.009491603,24550000,1.3317071884870528,3.4119068e-06,0.296584,0.026827546,3242.4449274539948,491,245500,-4.9901075,0.9999687809831812,0.050464146
32.8,8172,0.0042364458,24600000,1.4027070960402488,5.4529475e-05,0.28691205,0.027586563,3248.7475056648254,492,246000,-4.9807673,0.9994967333041131,0.050497536
32.1,8588,0.008792957,24650000,1.3372915124893188,7.87977e-06,0.304312,0.028334694,3255.113525390625,493,246500,-4.967921,0.9999285697194864,0.0504698
32.0,8416,0.0027487427,24700000,1.3272491139173508,5.3382337e-07,0.19891605,0.01575648,3261.5246574878693,494,247000,-4.976643,0.9999938773921713,0.050419535
32.03,8472,0.007473,24750000,1.3303225207328797,2.7631615e-06,0.269256,0.024801338,3268.079440355301,495,247500,-4.987396,0.9999766009332234,0.050445963
32.0,8557,0.0041680024,24800000,1.3272024285793305,5.4571365e-07,0.22709,0.018844116,3274.5644702911377,496,248000,-5.0063677,0.999995408389168,0.05043468
32.03,8634,0.01153189,24850000,1.3302044785022735,2.572611e-06,0.33589604,0.034393623,3280.954643726349,497,248500,-5.024552,0.9999769888072478,0.050451063
32.0,8223,0.0024951652,24900000,1.326944631934166,5.162859e-07,0.21727405,0.01700167,3287.3833985328674,498,249000,-5.039892,0.9999934607553769,0.0504207
32.0,8592,0.0029189596,24950000,1.3273309242725373,4.8280145e-07,0.21346398,0.01882037,3293.975996732712,499,249500,-5.0568523,0.9999956614151415,0.050435863
